,ID,Description,GeneRatio,BgRatio,pvalue,p.adjust,qvalue,geneID,Count
hsa05166,hsa05166,HTLV-I infection,6/24,255/7276,0.000138107214989488,0.00994371947924312,0.00581504063113633,467/1958/1959/2353/3725/7538,6
hsa04380,hsa04380,Osteoclast differentiation,4/24,128/7276,0.000739077017885697,0.0247165161557454,0.0144541030150558,2353/2354/3725/3726,4
hsa05161,hsa05161,Hepatitis B,4/24,144/7276,0.00114884112372327,0.0247165161557454,0.0144541030150558,1959/1960/2353/3725,4
hsa05031,hsa05031,Amphetamine addiction,3/24,68/7276,0.0013731397864303,0.0247165161557454,0.0144541030150558,2353/2354/3725,3
hsa05167,hsa05167,Kaposi's sarcoma-associated herpesvirus infection,4/24,173/7276,0.00226078802842426,0.0325553476093093,0.0190382149762043,2353/3725/1827/7538,4
hsa04657,hsa04657,IL-17 signaling pathway,3/24,93/7276,0.00336847670014135,0.0379022011057831,0.0221650298864228,2353/2354/3725,3
hsa04713,hsa04713,Circadian entrainment,3/24,96/7276,0.0036849362186178,0.0379022011057831,0.0221650298864228,2353/5187/51655,3
hsa04668,hsa04668,TNF signaling pathway,3/24,108/7276,0.00513060149680718,0.0461754134712646,0.0270031657726694,2353/3725/3726,3
